{"mean": [15.833333333333334, 17.75, 66.41666666666667, 75.75, 3.4166666666666665, 411.6666666666667], "std": [6.361778227997439, 5.629165124598851, 11.98233653712367, 14.606648029807067, 2.099933861392359, 49.9305072631508]}