{
  "center": [
    20.0398833265289,
    20.082154138437478,
    59.96286140315984,
    85.185952924079,
    5.0,
    415.0
  ],
  "scale": [
    16.364726697152555,
    13.119520166387298,
    26.925014176645043,
    31.784271393959685,
    10.0,
    322.0
  ],
  "feature_names": [
    "deep_sleep_percent",
    "rem_sleep_percent",
    "light_sleep_percent",
    "efficiency",
    "wake_count",
    "duration_minutes"
  ]
}